# ___2017 - 08 - 06 SQL___
***

# SQL 简介
  - **SQL**，Structured Query Language 结构化查询语言，是一种 ANSI标准的计算机语言，除了 SQL 标准之外，大部分 SQL 数据库程序都拥有它们自己的专有扩展
  - **RDBMS** Relational Database Management System 关系型数据库管理系统
    - 可以理解为"表格"的概念, 一个关系型数据库由一个或数个表格组成
    - RDBMS 是 SQL 的基础，同样也是所有现代数据库系统的基础，比如 MS SQL Server、IBM DB2、Oracle、MySQL 以及 Microsoft Access
    - RDBMS 中的数据存储在被称为表的数据库对象中，表是相关的数据项的集合，它由列和行组成
***

# mysql安装与导入 / 导出
  - **安装 client / server**
    ```shell
    sudo apt-get install mysql-client mysql-server
    ```
  - **启动并添加新的数据库 server / client**
    ```shell
    # 启动server
    sudo service mysql start
    # 创建新的数据库
    sudo mysqladmin create foo
    # 启动client，需要sudo权限 [ ??? ]
    sudo mysql
    ```
  - **client 显示数据库 / 数据表，导入数据**
    ```sql
    mysql> show databases;  -- 显示当前所有的数据库
    +--------------------+
    | Database           |
    +--------------------+
    | information_schema |
    | foo                |
    | mysql              |
    | performance_schema |
    | sys                |
    +--------------------+

    mysql> use foo; -- 选择数据库
    Database changed

    mysql> show tables; -- 显示当前数据库中所有的数据表
    Empty set (0.00 sec)

    mysql> source ./websites.sql  -- 导入sql文件的数据库
    mysql> show tables;
    +---------------+
    | Tables_in_foo |
    +---------------+
    | websites      |
    +---------------+
    1 row in set (0.00 sec)
    ```
  - **导出数据库**
    - 导出整个数据库
      ```shell
      mysqldump -u 用户名 -p 数据库名 > 导出的文件名
      ```
    - 导出一个表
      ```shell
      mysqldump -u 用户名 -p 数据库名 表名> 导出的文件名
      ```
    - 导出一个数据库结构
      ```shell
      mysqldump -u dbuser -p -d --add-drop-table dbname > dbname_db.sql
        --add-drop-table 在每个create语句之前增加一个drop table
      ```
  - 原数据链接
    - [websites.sql](http://static.runoob.com/download/websites.sql)
    - [access_log.sql](http://static.runoob.com/download/access_log.sql)
    - [apps.sql](http://static.runoob.com/download/apps.sql)
***

# SQL 语法
## SQL 语法基础
  - **数据库表** 一个数据库通常包含一个或多个表，每个表由一个名字标识（例如:"websites"）,表包含带有数据的记录(行)
  - id 列是自动更新的，表中的每条记录都有一个唯一的数字
  - SQL命令对 **大小写不敏感**，SELECT 与 select 是相同的
  - **分号** 是在数据库系统中分隔每条 SQL 语句的标准方法，某些数据库系统要求在每条 SQL 语句的末端使用分号
  - SQL 使用 **单引号** 来环绕文本值 (大部分数据库系统也接受双引号)
    - 如列名中使用的字符串，其中字符串区分大小写
    - 如果是数值字段，则不使用引号
    - 如果列名称包含空格，要求使用双引号或方括号
  - sql语句示例
    ```sql
    use foo; -- 选择数据库
    set names utf8; -- 设置使用的字符集
    SELECT * FROM Websites; -- 读取数据表的信息
    SELECT * FROM Websites WHERE country='CN' and id=2; -- 过滤信息
    ```
  - 一些最重要的 SQL 命令
    ```sql
    SELECT -- 从数据库中提取数据
    UPDATE -- 更新数据库中的数据
    DELETE -- 从数据库中删除数据
    INSERT INTO -- 向数据库中插入新数据
    CREATE DATABASE -- 创建新数据库
    ALTER DATABASE -- 修改数据库
    CREATE TABLE -- 创建新表
    ALTER TABLE -- 变更（改变）数据库表
    DROP TABLE -- 删除表
    CREATE INDEX -- 创建索引（搜索键）
    DROP INDEX -- 删除索引
    ```
## SQL SELECT 从数据库中选取数据
  - **SELECT 语法**
    ```sql
    -- 选取数据表中的COLUMN列
    SELECT column_name,column_name FROM table_name;

    -- 选取数据表中的所有列
    SELECT * FROM table_name;
    ```
    示例
    ```sql
    mysql> SELECT name,country FROM websites;
    +--------------+---------+
    | name         | country |
    +--------------+---------+
    | Google       | USA     |
    | 淘宝         | CN      |
    | 菜鸟教程     | CN      |
    | 微博         | CN      |
    | Facebook     | USA     |
    +--------------+---------+
    5 rows in set (0.00 sec)
    ```
  - **结果集中的导航**，结果被存储在一个结果表中，称为结果集，大多数数据库软件系统都允许使用编程函数在结果集中进行导航，比如：Move-To-First-Record、Get-Record-Content、Move-To-Next-Record 等等
  - **SQL SELECT DISTINCT 返回唯一不同的值**
    ```sql
    SELECT DISTINCT column_name,column_name FROM table_name;
    ```
    示例
    ```sql
    mysql> SELECT DISTINCT country FROM websites;
    +---------+
    | country |
    +---------+
    | USA     |
    | CN      |
    +---------+
    2 rows in set (0.00 sec)
    ```
  - **SQL SELECT LIMIT 指定要返回的记录的数目**
    - SQL Server / MS Access 中
      ```sql
      SELECT TOP number|percent column_name(s)  -- 可以使用百分比作为参数
      FROM table_name;
      ```
    - MySQL 语法
      ```sql
      SELECT column_name(s)
      FROM table_name
      LIMIT number;
      ```
    - Oracle 语法
      ```sql
      SELECT column_name(s)
      FROM table_name
      WHERE ROWNUM <= number;
      ```
    - 示例
      ```sql
      SELECT * FROM websites LIMIT 2;
      ```
  - **SQL SELECT AS 表 / 列的别名**
    ```sql
    -- 列别名
    SELECT column_name AS alias_name FROM table_name;
    -- 表别名
    SELECT column_name(s) FROM table_name AS alias_name;
    ```
    示例
    ```sql
    -- 列别名
    mysql> select name as n, country as c from websites;
    -- 合并的列别名
    mysql> select name, concat(url, ', ', alexa, ', ', country) as site_info
            from websites limit 2;
    +--------+---------------------------------+
    | name   | site_info                       |
    +--------+---------------------------------+
    | Google | https://www.google.cm/, 1, USA  |
    | 淘宝   | https://www.taobao.com/, 13, CN |
    +--------+---------------------------------+
    2 rows in set (0.00 sec)
    ```
  - **SQL SELECT INTO 从一个表选取数据，并把数据插入到另一个新表中**
    ```sql
    SELECT column_name(s)
    INTO newtable [IN externaldb]
    FROM table1;
    ```
  - MySQL 数据库不支持 SELECT ... INTO 语句，但支持 INSERT INTO ... SELECT，可以使用CREATE SELECT语句来拷贝表结构及数据
    ```sql
    create table web2 select * from websites;
    ```
## SQL WHERE 子句过滤满足指定标准的记录
  - **SQL WHERE 语法**
    ```sql
    SELECT column_name,column_name FROM table_name WHERE condition;
    ```
    示例
    ```sql
    mysql> SELECT * FROM websites WHERE country='CN' and id=2;
    +----+--------+-------------------------+-------+---------+
    | id | name   | url                     | alexa | country |
    +----+--------+-------------------------+-------+---------+
    |  2 | 淘宝   | https://www.taobao.com/ |    13 | CN      |
    +----+--------+-------------------------+-------+---------+
    1 row in set (0.00 sec)
    ```
  - **WHERE 子句中的运算符**
    - **> / = / <** 大于 / 等于 小于
    - **<>** 不等于，在某些SQL中，可写作 !=
    - **>= / <=** 大于等于 / 小于等于
    - **BETWEEN** 在某个范围内
    - **LIKE** 搜索某种模式
    - **IN** 指定针对某个列的多个可能值
  - **逻辑运算 And 与 / Or 或 / Not 非**
    ```sql
    select * from websites where alexa > 10 and alexa < 100;
    select * from websites where not alexa < 100;
    ```
  - **空值判断 is null**
    ```sql
    -- 查询 websites 表中 country 列中的空值
    select * from websites where country is null;
    ```
  - **范围值 BETWEEN AND** 是否包含边界值，取决于数据库
    ```sql
    -- 查询 websites 表中 alexa 列中取值在 [10, 100]的行
    select * from websites where alexa between 10 and 100;
    -- 查询不在一个取值范围内的记录
    select * from websites where name not between 'A' and 'Z';
    ```
  - **多个取值 IN**
    ```sql
    select * from websites where alexa in (10, 20, 30);
    -- 综合使用 IN / BETWEEN
    select * from websites where (alexa between 1 and 20) and not country in ('USA');
    ```
  - **模糊查询 LIKE**
    ```sql
    --  查询 websites 表中 url 列中包含 'weibo' 的行
    select * from websites where url like '%weibo%';
    ```
  - **LIKE 通配符**
    - **%** 替代 0 个或多个字符
    - **_** 替代一个字符
    - **[charlist]** 字符列中的任何单一字符
    - **[^char] / [!char]** 不在字符列中的任何单一字符
## SQL ORDER BY 对结果集按照一个列或者多个列进行排序
  - SQL ORDER BY 语法，默认升序，ASC / DESC 分别表示 升序 / 降序
    ```sql
    SELECT column_name,column_name
    FROM table_name
    ORDER BY column_name,column_name ASC|DESC;
    ```
    示例
    ```sql
    mysql> select * from websites order by id;
    -- 降序
    mysql> select * from websites order by alexa DESC;
    -- 多列排序
    mysql> select * from websites order by country,alexa;
    +----+--------------+---------------------------+-------+---------+
    | id | name         | url                       | alexa | country |
    +----+--------------+---------------------------+-------+---------+
    |  2 | 淘宝         | https://www.taobao.com/   |    13 | CN      |
    |  4 | 微博         | http://weibo.com/         |    20 | CN      |
    |  3 | 菜鸟教程     | http://www.runoob.com/    |  4689 | CN      |
    |  1 | Google       | https://www.google.cm/    |     1 | USA     |
    |  5 | Facebook     | https://www.facebook.com/ |     3 | USA     |
    +----+--------------+---------------------------+-------+---------+
    5 rows in set (0.00 sec)
    ```
## SQL INSERT INTO 向表中插入新记录
  - SQL INSERT INTO 语法
    ```sql
    -- 不指定要插入数据的列名，提供包括id在内的完整数据
    INSERT INTO table_name VALUES (value1,value2,value3,...);
    -- 指定列名及对应的值
    INSERT INTO table_name (column1,column2,column3,...)
    VALUES (value1,value2,value3,...);
    ```
    示例
    ```sql
    -- 插入一行完整数据数据，需要指定id，并且不能重复
    mysql> insert into websites values (19, 'cc', 'http:://www.cc.com', 40, 'CN');
    Query OK, 1 row affected (0.03 sec)
    -- 插入指定行的数据，id自动更新
    mysql> insert into websites (name, url, country) values ('Baidu', 'https://www.baidu.com/', 'CN');
    Query OK, 1 row affected (0.03 sec)
    -- 显示新的数据表
    mysql> select * from websites;
    +----+--------------+---------------------------+-------+---------+
    | id | name         | url                       | alexa | country |
    +----+--------------+---------------------------+-------+---------+
    |  1 | Google       | https://www.google.cm/    |     1 | USA     |
    |  2 | 淘宝         | https://www.taobao.com/   |    13 | CN      |
    |  3 | 菜鸟教程     | http://www.runoob.com/    |  4689 | CN      |
    |  4 | 微博         | http://weibo.com/         |    20 | CN      |
    |  5 | Facebook     | https://www.facebook.com/ |     3 | USA     |
    |  6 | Baidu        | https://www.baidu.com/    |     0 | CN      |
    | 19 | cc           | http:www.cc.com           |    40 | CN      |
    +----+--------------+---------------------------+-------+---------+
    7 rows in set (0.00 sec)
    ```
  - SQL INSERT INTO SELECT 从一个表选取数据，然后把数据插入到一个已存在的表中
    ```sql
    INSERT INTO table2
    (column_name(s))
    SELECT column_name(s)
    FROM table1;
    ```
    示例
    ```sql
    source ./apps.sql
    -- 插入数据到已存在的表中，目标表中任何已存在的行都不会受影响
    insert into websites (name, country) select app_name, country from apps;
    ```
## SQL UPDATE 更新表中已存在的记录
  - SQL UPDATE 语法
    ```sql
    -- 如果省略 WHERE 子句，将更新所有的记录
    UPDATE table_name SET column1=value1,column2=value2,...
    WHERE some_column=some_value;
    ```
    示例
    ```sql
    mysql> update websites set alexa=50, country='USA' where name='cc';
    Query OK, 1 rows affected (0.03 sec)
    Rows matched: 1  Changed: 1  Warnings: 0
    -- 显示新的数据表
    mysql> select * from websites;
    ...
    | 19 | cc           | http:www.cc.com           |    50 | USA     |
    ```
  - 执行没有 WHERE 子句的 UPDATE 将更新所有数据，需要谨慎
## SQL DELETE 删除表中的记录
  - SQL DELETE 语法
    ```sql
    -- 如果省略 WHERE 子句，将删除所有的记录
    DELETE FROM table_name WHERE some_column=some_value;
    ```
    示例
    ```sql
    delete from websites where name='cc' and country='USA';
    ```
  - 删除所有数据，即不使用where子句删除表中所有的行，意味着表结构 / 属性 / 索引将保持不变
    ```sql
    mysql> delete from websites;
    Query OK, 6 rows affected (0.00 sec)

    mysql> select * from websites;
    Empty set (0.00 sec)

    mysql> insert into websites (name) values ('cc');
    Query OK, 1 row affected (0.04 sec)
    -- 新插入的数据 id 是 7
    mysql> select * from websites;
    +----+------+-----+-------+---------+
    | id | name | url | alexa | country |
    +----+------+-----+-------+---------+
    |  7 | cc   |     |     0 |         |
    +----+------+-----+-------+---------+
    1 row in set (0.00 sec)
    ```
## SQL JOIN 基于表的共同字段，结合两个或多个表的记录
  - 不同的 SQL JOIN 方式
    - **INNER JOIN** 类似取交集，返回两个表中都匹配的行，JOIN 的默认方式
    - **LEFT JOIN** 即使右表中没有匹配，也从左表返回所有的行，也写作 LEFT OUTER JOIN
    - **RIGHT JOIN**：即使左表中没有匹配，也从右表返回所有的行，也写作 RIGHT OUTER JOIN
    - **FULL JOIN**：类似取并集，只要其中一个表中存在匹配，则返回行
  - SQL JOIN 语法
    ```sql
    SELECT column_name(s) -- 结果中显示的列，* 全部显示
    FROM table1 -- 左表
    JOIN table2 -- 指定 JOIN 方式 与 右表
    ON table1.column_name=table2.column_name  -- 连接规则
    ORDER BY column_name;  -- 可以指定结果中的排序方式
    ```
  - 示例 连接 websites 表与 access_log表，通过 websites 的 id 列与 access_log 的 site_id 列连接
    ```sql
    mysql> source ./access_log.sql;
    mysql> source ./websites.sql;
    mysql> show tables;
    +---------------+
    | Tables_in_foo |
    +---------------+
    | access_log    |
    | websites      |
    +---------------+
    2 rows in set (0.00 sec)

    mysql> select * from websites;
    +----+--------------+---------------------------+-------+---------+
    | id | name         | url                       | alexa | country |
    +----+--------------+---------------------------+-------+---------+
    |  1 | Google       | https://www.google.cm/    |     1 | USA     |
    |  2 | 淘宝         | https://www.taobao.com/   |    13 | CN      |
    |  3 | 菜鸟教程     | http://www.runoob.com/    |  4689 | CN      |
    |  4 | 微博         | http://weibo.com/         |    20 | CN      |
    |  5 | Facebook     | https://www.facebook.com/ |     3 | USA     |
    +----+--------------+---------------------------+-------+---------+
    5 rows in set (0.00 sec)

    mysql> select * from access_log;
    +-----+---------+-------+------------+
    | aid | site_id | count | date       |
    +-----+---------+-------+------------+
    |   1 |       1 |    45 | 2016-05-10 |
    |   2 |       3 |   100 | 2016-05-13 |
    |   3 |       1 |   230 | 2016-05-14 |
    |   4 |       2 |    10 | 2016-05-14 |
    |   5 |       5 |   205 | 2016-05-14 |
    |   6 |       4 |    13 | 2016-05-15 |
    |   7 |       3 |   220 | 2016-05-15 |
    |   8 |       5 |   545 | 2016-05-16 |
    |   9 |       3 |   201 | 2016-05-17 |
    +-----+---------+-------+------------+
    9 rows in set (0.00 sec)

    -- INNER JOIN, 匹配规则 websites.id=access_log.site_id
    mysql> select websites.id, websites.name, access_log.count, access_log.date
           from websites
           inner join access_log
           on websites.id=access_log.site_id
           order by websites.id;
    +----+--------------+-------+------------+
    | id | name         | count | date       |
    +----+--------------+-------+------------+
    |  1 | Google       |    45 | 2016-05-10 |
    |  1 | Google       |   230 | 2016-05-14 |
    |  2 | 淘宝         |    10 | 2016-05-14 |
    |  3 | 菜鸟教程     |   220 | 2016-05-15 |
    |  3 | 菜鸟教程     |   100 | 2016-05-13 |
    |  3 | 菜鸟教程     |   201 | 2016-05-17 |
    |  4 | 微博         |    13 | 2016-05-15 |
    |  5 | Facebook     |   545 | 2016-05-16 |
    |  5 | Facebook     |   205 | 2016-05-14 |
    +----+--------------+-------+------------+
    9 rows in set (0.00 sec)

    -- 使用where语句连接
    mysql> select w.id, w.name, a.count, a.date
           from websites as w, access_log as a
           where a.site_id=w.id;
    ```
## SQL ALTER TABLE 在已有的表中添加 / 删除 / 修改列
  - SQL ALTER TABLE 语法
    - 在表中添加列
      ```sql
      ALTER TABLE table_name ADD column_name datatype;
      ```
    - 删除表中的列，某些数据库系统不允许在数据库表中删除列
      ```sql
      ALTER TABLE table_name DROP COLUMN column_name;
      ```
    - 改变表中列的数据类型
      ```sql
      -- SQL Server / MS Access 中
      ALTER TABLE table_name ALTER COLUMN column_name datatype;
      -- My SQL / Oracle 中
      ALTER TABLE table_name MODIFY COLUMN column_name datatype;
      -- Oracle 10G 之后版本中
      ALTER TABLE table_name MODIFY column_name datatype;
      ```
  - mysql中使用示例
    ```sql
    -- 添加列 Date，数据类型为 date
    alter table websites add Date date;
    -- 修改 Date 列数据类型 为 year
    alter table websites modify column Date year;
    -- 删除列 Date
    alter table websites drop column Date;
    ```
## SQL UNION 合并两个或多个 SELECT 语句的结果
  - UNION 内部的每个 SELECT 语句必须拥有相同数量的列，列也必须拥有相似的数据类型，每个 SELECT 语句中的列的顺序必须相同
  - UNION 操作符默认选取不同的值，如果允许重复的值，使用 UNION ALL
  - SQL UNION 语法
    ```sql
    SELECT column_name(s) FROM table1
    UNION -- 允许重复值，使用 UNION ALL
    SELECT column_name(s) FROM table2;
    ```
    示例
    ```sql
    mysql> source ./websites.sql
    mysql> source ./apps.sql
    mysql> select country from websites
           union
           select country from apps
           order by country;
    +---------+
    | country |
    +---------+
    | CN      |
    | USA     |
    +---------+
    ```
## SQL CREATE DATABASE / TABLE / INDEX 创建数据库 / 数据表 / 索引
  - **索引** 在不读取整个表的情况下，索引使数据库应用程序可以更快地查找数据
  - 更新一个包含索引的表需要比更新一个没有索引的表花费更多的时间，这是由于索引本身也需要更新，理想的做法是仅仅在常常被搜索的列（以及表）上面创建索引
  - **SQL CREATE DATABASE 语法**
    ```sql
    CREATE DATABASE dbname;
    ```
    数据库创建后，需要指定使用数据库
    ```sql
    use dbname;
    ```
  - **SQL CREATE TABLE 语法**
    ```sql
    -- 表由行和列组成，每个表都必须有个表名
    -- column_name 列的名称
    -- data_type 列的数据类型 (varchar / integer / decimal / date)
    -- size 列的最大长度
    CREATE TABLE table_name
    (
    column_name1 data_type(size),
    column_name2 data_type(size),
    column_name3 data_type(size),
    ....
    );
    ```
  - **SQL CREATE INDEX / SQL CREATE UNIQUE INDEX 语法**
    ```sql
    -- 在表上创建一个简单的索引，允许使用重复的值
    CREATE INDEX index_name
    ON table_name (column_name)

    -- 在表上创建一个唯一的索引，不允许使用重复的值
    CREATE UNIQUE INDEX index_name
    ON table_name (column_name)
    ```
  - **示例**
    ```sql
    -- 创建数据库 fun
    create database fun;
    use fun;  -- 使用fun
    -- 创建数据表 persons
    create table persons (
        personId int,
        lastName varchar(255),
        birthDay date
    );
    -- 创建索引
    create index Pindex on persons (personId, lastName);
    ```
## SQL DROP DATABASE / TABLE / INDEX 撤销数据库 / 数据表 / 索引
  - DROP DATABASE 删除数据库
    ```sql
    DROP DATABASE database_name
    ```
  - DROP TABLE 删除表
    ```sql
    DROP TABLE table_name
    ```
  - TRUNCATE TABLE 不删除表本身，仅删除表内的数据
    ```sql
    TRUNCATE TABLE table_name
    ```
  - DROP INDEX 删除表中的索引
    ```sql
    -- MS Access 中
    DROP INDEX index_name ON table_name
    -- MS SQL Server 中
    DROP INDEX table_name.index_name
    -- DB2/Oracle 中
    DROP INDEX index_name
    -- MySQL 中
    ALTER TABLE table_name DROP INDEX index_name
    ```
## SQL 约束 Constraints 规定表中的数据规则
  - **约束** 表中数据的限定规则，如果存在违反约束的数据行为，行为会被终止，可以在创建表时规定（通过 CREATE TABLE 语句），或者在表创建之后规定（通过 ALTER TABLE 语句）
  - SQL CREATE TABLE + CONSTRAINT 语法
    ```sql
    CREATE TABLE table_name
    (
    column_name1 data_type(size) constraint_name,
    column_name2 data_type(size) constraint_name,
    column_name3 data_type(size) constraint_name,
    ....
    );
    ```
  - **SQL中的约束**
    - **NOT NULL** 指示某列不能存储 NULL 值
    - **UNIQUE** 某列的每行必须有唯一的值，每个表可以有多个 UNIQUE 约束
    - **PRIMARY KEY** NOT NULL 和 UNIQUE 的结合，确保某列（或两个列多个列的结合）有唯一标识，有助于更容易更快速地找到表中的一个特定的记录，每个表有且只有一个 PRIMARY KEY 约束
    - **FOREIGN KEY** 一个表中的 FOREIGN KEY 指向另一个表中的 PRIMARY KEY，保证一个表中的数据匹配另一个表中的值的参照完整性，FOREIGN KEY 约束用于预防破坏表之间连接的行为
    - **CHECK** 保证列中的值符合指定的条件，长度，取值范围等
    - **DEFAULT** 规定没有给列赋值时的默认值
  - 如果使用 ALTER TABLE 语句添加主键 PRIMARY KEY，必须在表首次创建时把主键列声明为 NOT NULL
  - 示例创建表时指定 PRIMARY KEY
    ```sql
    -- MySQL 中
    CREATE TABLE Persons
    (
    P_Id int NOT NULL,
    LastName varchar(255) NOT NULL,
    birthDay date
    PRIMARY KEY (P_Id)  -- 可以使用多个值的组合
    )

    -- SQL Server / Oracle / MS Access 中
    CREATE TABLE Persons
    (
    P_Id int NOT NULL PRIMARY KEY,
    LastName varchar(255) NOT NULL,
    birthDay date
    )
    ```
  - 示例 ALTER TABLE 时的 SQL PRIMARY KEY 约束
    ```sql
    -- MySQL / SQL Server / Oracle / MS Access 中
    ALTER TABLE Persons
    ADD PRIMARY KEY (P_Id)
    ```
    定义多个列的 PRIMARY KEY 约束
    ```sql
    -- MySQL / SQL Server / Oracle / MS Access：
    ALTER TABLE Persons
    ADD CONSTRAINT pk_PersonID PRIMARY KEY (P_Id,LastName)
    ```
  - 示例 DROP 撤销 PRIMARY KEY 约束
    ```sql
    -- MySQL 中
    ALTER TABLE Persons
    DROP PRIMARY KEY

    -- SQL Server / Oracle / MS Access 中
    ALTER TABLE Persons
    DROP CONSTRAINT pk_PersonID
    ```
## SQL AUTO INCREMENT 新记录插入表中时生成一个唯一的数字，可用于主键
  - MySQL 使用 **AUTO_INCREMENT** 关键字
    ```sql
    ALTER TABLE Persons AUTO_INCREMENT=100
    ```
  - SQL Server 使用 **IDENTITY** 关键字
    ```sql
    CREATE TABLE Persons
    (
    ID int IDENTITY(10, 5) PRIMARY KEY, -- 初始值10，步长5
    ...
    )
    ```
  - MS Access 使用 **AUTOINCREMENT** 关键字
    ```sql
    CREATE TABLE Persons
    (
    ID Integer PRIMARY KEY AUTOINCREMENT(10, 5),  -- 初始值10，步长5
    ...
    )
    ```
  - Oracle 中必须通过 **sequence 对象**（该对象生成数字序列）创建 **auto-increment** 字段
    ```sql
    -- 创建一个 sequence 对象，初始值1，步长1，缓存 10 个值以提高性能
    CREATE SEQUENCE seq_person
    MINVALUE 1
    START WITH 1
    INCREMENT BY 1
    CACHE 10

    -- 使用 nextval 函数插入新记录，该函数从序列中取回下一个值
    INSERT INTO Persons (ID, LastName)
    VALUES (seq_person.nextval, 'Monsen')
    ```
***
